province,longitude,latitude,price,buildingTypeId,bedrooms,daysOnMarket
Manitoba,-97.099787,49.841404,249900.0,1.0,3.0,8
Ontario,-75.693881,45.392297,819000.0,1.0,3.0,9
British Columbia,-123.0629255,49.2487313,1385000.0,1.0,5.0,4
Nova Scotia,-63.5022326846557,44.68610570000001,184900.0,1.0,3.0,13
Ontario,-78.6822762,43.931821,539900.0,1.0,3.0,22
Ontario,-75.859353,45.287924,539900.0,1.0,4.0,7
Ontario,-79.3196983,43.6834014,929900.0,1.0,3.0,11
British Columbia,-123.419892,48.448968,99500.0,1.0,1.0,29
Ontario,-80.427509,43.373722,999900.0,1.0,5.0,26
Ontario,-79.3637223,43.6525725,429900.0,2.0,1.0,21
Ontario,-79.3637223,43.6525725,429900.0,2.0,4.0,21
Ontario,-80.543454,43.886114,549900.0,1.0,4.0,2
Ontario,-79.48075899999998,43.7257789,249000.0,2.0,2.0,13
Ontario,-79.613175,43.5804314,406000.0,2.0,2.0,9
Ontario,-79.6682611,43.5337503,1049900.0,1.0,4.0,9
Ontario,-79.2658163,43.7524146,449000.0,2.0,2.0,27
New Brunswick,-65.616417,47.652058,194000.0,1.0,2.0,34
Ontario,-79.49049120000002,43.71888679999999,889000.0,1.0,4.0,28
Ontario,-80.503203,43.403768,421900.0,2.0,2.0,5
Alberta,-113.4328278,53.5286418,549900.0,1.0,4.0,16
Ontario,-79.76379,43.7555052,969900.0,1.0,6.0,48
Ontario,-79.5628682,44.3120391,437900.0,1.0,3.0,9
Ontario,-79.81095,43.127518,524990.0,1.0,3.0,23
Ontario,-79.44278309999999,43.6644199,998900.0,1.0,4.0,8
Ontario,-79.225686,42.9899445,579000.0,1.0,4.0,33
Ontario,-79.70820440000001,43.4788278,839900.0,1.0,3.0,17
Ontario,-79.7161931,43.4817293,389900.0,2.0,1.0,14
Ontario,-79.41283100000003,43.7726571,725000.0,2.0,2.0,5
Alberta,-114.216808,51.039047,429900.0,1.0,2.0,12
Ontario,-81.1537,42.759922,465000.0,1.0,5.0,21
Ontario,-79.36272729999997,43.6598236,499900.0,2.0,1.0,6
Ontario,-79.4833203,43.62106370000001,439900.0,2.0,2.0,25
Ontario,-83.003582,42.243114,309900.0,2.0,2.0,6
Saskatchewan,-106.56458700000002,52.155798,494900.0,2.0,1.0,22
Ontario,-79.57992209999998,43.7477413,219900.0,1.0,4.0,21
Alberta,-114.121222,51.164227,524900.0,1.0,4.0,21
Ontario,-79.5675044,44.419087,899900.0,1.0,4.0,23
Alberta,-112.741992,51.468768,438800.0,1.0,3.0,25
Ontario,-79.80350200000002,44.0124513,675000.0,1.0,3.0,23
Alberta,-113.3738448,53.6138556,249500.0,2.0,2.0,24
Ontario,-78.93823859999998,43.8597261,495000.0,1.0,4.0,32
Ontario,-79.855818,44.31289,599000.0,1.0,3.0,22
Ontario,-79.705472,43.604796,699900.0,1.0,3.0,8
Ontario,-79.7450196,43.4680954,678900.0,1.0,4.0,10
Ontario,-79.051926,43.871704,649900.0,2.0,4.0,13
Alberta,-118.8111982,55.1889605,339900.0,1.0,3.0,26
Saskatchewan,-106.753806,52.134343,389900.0,1.0,3.0,34
Ontario,-75.731289,45.281306,374900.0,1.0,2.0,15
Ontario,-76.365113,45.446144,139900.0,2.0,1.0,8
Alberta,-114.945447,51.297248,2450000.0,1.0,4.0,21
Ontario,-79.24918199999998,43.141717,225000.0,2.0,2.0,24
Ontario,-79.4523692,43.7152182,395000.0,1.0,3.0,2
Ontario,-81.275193,42.960492,274900.0,1.0,3.0,6
Ontario,-79.8178019,43.2442628,349900.0,1.0,4.0,9
Quebec,-73.840618,45.610123,224900.0,2.0,1.0,8
Ontario,-83.087124,42.231935,249900.0,1.0,4.0,5
Ontario,-79.2807394266129,43.777341279337904,399000.0,1.0,3.0,13
Ontario,-80.62698,43.433852,439900.0,1.0,3.0,12
New Brunswick,-65.63250500000001,47.61148,415000.0,1.0,3.0,29
Quebec,-76.093453,46.160604,189900.0,2.0,2.0,21
British Columbia,-123.0996932,49.26473970000001,1749786.0,1.0,3.0,22
Quebec,-73.49216934,45.36518795,263900.0,1.0,3.0,11
Ontario,-79.53747779999998,44.3224009,350000.0,2.0,1.0,37
Ontario,-79.7767402,43.7443576,359900.0,2.0,2.0,11
Ontario,-83.06890899999998,42.245879,219900.0,1.0,3.0,12
Ontario,-79.98804100000002,43.366716,624900.0,1.0,3.0,23
Quebec,-75.70325507,45.50090783,279888.0,1.0,4.0,1
Ontario,-79.5141687,43.75383460000001,399000.0,1.0,3.0,30
Manitoba,-97.187095,49.865294,389900.0,1.0,1.0,9
Ontario,-79.5098647,43.74518870000001,699900.0,1.0,3.0,8
Ontario,-79.91126899999998,43.652876,599000.0,2.0,2.0,1
Quebec,-73.65096566,45.49800423,405000.0,1.0,5.0,42
Ontario,-79.35635690000002,43.7454526,2488000.0,1.0,2.0,8
Ontario,-79.35635690000002,43.7454526,2488000.0,2.0,2.0,8
Ontario,-79.1606022,43.7950232,749000.0,1.0,4.0,7
Ontario,-78.84890329999998,43.86641270000001,459900.0,2.0,4.0,13
Alberta,-114.054368,50.970634,439000.0,1.0,3.0,23
Ontario,-81.76809399999998,46.250129,399000.0,1.0,4.0,27
Ontario,-79.4615926,43.6746447,939000.0,1.0,3.0,20
Alberta,-113.4783347,53.40838220000001,389000.0,1.0,3.0,35
Alberta,-113.4783347,53.40838220000001,389000.0,1.0,3.0,35
Ontario,-79.5685838,43.6360206,924900.0,2.0,2.0,12
Alberta,-113.482575815344,53.5225826214534,485000.0,1.0,3.0,11
British Columbia,-123.842969,48.999701,399900.0,2.0,1.0,15
Ontario,-79.3997415,43.6393466,499000.0,1.0,3.0,12
Manitoba,-97.252669,49.88128,279900.0,1.0,4.0,13
British Columbia,-123.331167,48.46179,899900.0,1.0,3.0,16
Ontario,-80.73791800000002,43.986856,249900.0,1.0,3.0,36
Ontario,-79.31143840000001,43.6850406,599000.0,2.0,2.0,6
Ontario,-79.5978291,43.56148889999999,1750000.0,1.0,3.0,19
Nova Scotia,-62.6407254,45.5869153,45900.0,2.0,2.0,18
Ontario,-79.3017487,43.7190266,349900.0,2.0,2.0,17
Quebec,-73.72187493,45.57009349,265000.0,1.0,3.0,20
Alberta,-113.49709,53.63253,275000.0,1.0,3.0,26
Ontario,-79.74241500000002,43.744643,749900.0,2.0,2.0,34
British Columbia,-122.8015611,49.2857501,545000.0,2.0,4.0,13
Ontario,-82.353775,42.964342,319900.0,1.0,4.0,17
Ontario,-82.601223,42.170001,419000.0,1.0,2.0,12
Ontario,-79.271314,42.979319,309900.0,1.0,3.0,7
Ontario,-79.6301585,43.57084310000001,549000.0,2.0,1.0,12
British Columbia,-122.968106,49.3162038,539900.0,2.0,2.0,13
British Columbia,-123.989915,49.188069,319000.0,2.0,2.0,18
Ontario,-79.3766716,43.6766477,2275000.0,2.0,3.0,6
Ontario,-76.4493437,44.258655,229900.0,1.0,3.0,20
British Columbia,-123.532112,48.440213,569000.0,2.0,2.0,31
Prince Edward Island,-63.1025,46.2757,354900.0,1.0,4.0,21
Manitoba,-97.298127,49.877275,359900.0,1.0,3.0,11
Alberta,-114.067683,51.076038,675000.0,2.0,2.0,14
British Columbia,-121.9580269,49.170096,258920.0,1.0,5.0,13
Alberta,-113.667848,53.6553167,1049000.0,1.0,4.0,2
Ontario,-81.429714,43.738624,299000.0,2.0,2.0,14
British Columbia,-123.08168899999998,49.3170659,1274800.0,1.0,3.0,3
British Columbia,-125.2124,49.950228,525000.0,1.0,3.0,19
Manitoba,-97.022407,49.898524,336900.0,1.0,5.0,25
Ontario,-79.75751817226408,44.3941699023353,949999.0,1.0,3.0,31
British Columbia,-124.994813,49.681705,299000.0,2.0,1.0,27
British Columbia,-123.1696445,49.1546778,3088000.0,2.0,2.0,12
British Columbia,-123.07326100000002,49.2626205,559000.0,1.0,4.0,37
Ontario,-79.745987,43.709174,559900.0,2.0,2.0,5
Manitoba,-97.158103,49.839469,204900.0,1.0,3.0,13
Ontario,-79.818682,43.697077,599900.0,1.0,3.0,33
Ontario,-79.970244,45.267008,559900.0,1.0,4.0,23
Ontario,-75.686814,45.286254,559900.0,1.0,3.0,24
Ontario,-79.3570553,43.6606055,899900.0,1.0,6.0,9
British Columbia,-120.423691,50.709633,549900.0,1.0,3.0,18
Ontario,-81.08407700000002,42.880949,375000.0,1.0,3.0,4
Ontario,-75.73708,45.279758,399900.0,1.0,4.0,3
Alberta,-110.034543,53.257187,369900.0,2.0,1.0,22
British Columbia,-123.319808,48.425587,324900.0,2.0,1.0,7
Ontario,-80.5362467,43.476282,275000.0,1.0,2.0,6
Alberta,-113.264109,51.714288,185000.0,1.0,4.0,48
Ontario,-79.8035177,43.189611,474990.0,1.0,6.0,9
Ontario,-75.703059,45.284743,674900.0,1.0,3.0,12
Ontario,-76.1712302767212,44.3409016144409,260000.0,1.0,6.0,9
British Columbia,-122.4580297,49.0537883,859900.0,1.0,3.0,21
Ontario,-79.6839093,43.4390829,899900.0,2.0,3.0,17
Ontario,-75.526433,45.485024,425000.0,1.0,10.0,6
Ontario,-79.4642202,43.687759,1799000.0,2.0,2.0,14
Alberta,-112.847553,49.698027,264900.0,1.0,4.0,26
Ontario,-77.373159,44.189432,374900.0,1.0,3.0,16
Ontario,-80.299627,43.389729,299900.0,2.0,1.0,28
Alberta,-113.533584,53.5765249,264900.0,1.0,2.0,2
Alberta,-118.77561812,55.14504701,349900.0,1.0,4.0,10
Ontario,-79.692427,43.487429,1219000.0,1.0,3.0,13
British Columbia,-122.7818784,49.1538994,649000.0,2.0,3.0,20
Ontario,-81.3061177,48.5016695,105950.0,1.0,4.0,19
Ontario,-82.88616999999998,42.303201,765000.0,2.0,3.0,17
British Columbia,-124.974717,49.71671,299999.0,1.0,2.0,20
British Columbia,-117.71847,49.095897,194000.0,1.0,3.0,6
Ontario,-77.8412536,44.84331020000001,549900.0,2.0,2.0,6
Ontario,-75.676567,45.348956,218000.0,1.0,4.0,30
Ontario,-78.8075354,44.2095011,699000.0,2.0,1.0,36
British Columbia,-121.817135005809,49.0806736749652,549000.0,1.0,2.0,13
Alberta,-113.44463799999998,53.5645791,315000.0,1.0,4.0,7
Alberta,-114.083918,50.970211,549000.0,1.0,5.0,23
Nova Scotia,-63.6513672,44.7416552,339900.0,1.0,3.0,17
British Columbia,-124.112182,48.848761,824900.0,1.0,3.0,11
Ontario,-79.3044886,43.68593900000001,750000.0,1.0,4.0,9
Ontario,-81.17174399999998,42.993333,284900.0,1.0,3.0,19
Ontario,-79.327232,45.599329,449900.0,1.0,3.0,35
Ontario,-78.338955,44.288372,299000.0,1.0,2.0,32
Ontario,-75.71010799999998,45.348467,282900.0,1.0,2.0,17
Ontario,-79.455302,43.174092,184900.0,1.0,5.0,11
Saskatchewan,-104.515302,50.421345,659900.0,1.0,3.0,29
Nova Scotia,-64.9000171671854,44.23341909738279,179900.0,1.0,3.0,23
Quebec,-73.495747,45.674284,259800.0,2.0,1.0,17
British Columbia,-123.160734,49.1729761,440000.0,1.0,3.0,28
Ontario,-76.412391,44.2522475,409900.0,1.0,4.0,19
Ontario,-82.927755,42.324566,114900.0,2.0,2.0,8
British Columbia,-123.34942,48.422554,1250000.0,1.0,3.0,5
British Columbia,-122.6668849,49.1323624,549900.0,1.0,3.0,16
Ontario,-81.70097700000002,43.556071,299000.0,1.0,3.0,11
Ontario,-81.70097700000002,43.556071,299000.0,1.0,4.0,11
Ontario,-80.033434,44.724025,1295000.0,1.0,3.0,21
Ontario,-82.66681990000002,46.3751424,35500.0,1.0,2.0,15
Ontario,-79.8265608,43.3876359,419900.0,1.0,4.0,16
Ontario,-79.81485179999999,43.6695454,1085000.0,1.0,4.0,25
Alberta,-114.14028,51.655999,215000.0,1.0,3.0,8
Ontario,-82.382202,42.988432,234900.0,1.0,5.0,3
Ontario,-79.801048,43.0788933,719900.0,2.0,1.0,26
British Columbia,-123.07363159999998,49.3127891,350000.0,2.0,5.0,8
Alberta,-114.239644,52.61725,599900.0,1.0,2.0,24
Quebec,-73.64913100000003,45.518577,1050000.0,1.0,5.0,22
British Columbia,-122.855196,49.031095,2888888.0,1.0,4.0,39
British Columbia,-123.121828,49.161172,1146000.0,1.0,4.0,21
Alberta,-114.111376,51.01137,569900.0,2.0,2.0,16
British Columbia,-123.1204946,49.2762465,1080000.0,2.0,1.0,35
Ontario,-79.823195,43.320031,899900.0,1.0,3.0,37
Ontario,-78.6894103,43.929766,474900.0,2.0,2.0,34
Newfoundland & Labrador,-52.69051700000001,47.58562,409500.0,1.0,3.0,35
Ontario,-79.847758,43.23891,479900.0,2.0,2.0,13
Ontario,-80.295412,43.127933,499900.0,1.0,4.0,27
Alberta,-112.914148,49.668635,365000.0,1.0,3.0,33
Ontario,-83.028319,42.320132,159900.0,1.0,4.0,25
Ontario,-80.748336,43.1114122,554900.0,1.0,4.0,36
Alberta,-114.041243,50.879552,669900.0,1.0,3.0,21
Ontario,-79.60395009999998,43.5393754,869000.0,1.0,3.0,8
Ontario,-79.072301,43.840144,439900.0,1.0,5.0,13
Saskatchewan,-106.618702,52.09321,319900.0,1.0,3.0,15
Ontario,-80.518116,43.441448,449900.0,1.0,3.0,4
Ontario,-83.004035,42.31459,124900.0,1.0,3.0,7
Ontario,-79.811667,43.125432,489900.0,1.0,4.0,10
Ontario,-79.4038094,43.71015429999999,1198000.0,1.0,6.0,8
Ontario,-79.7432516,43.7585713,939000.0,1.0,3.0,12
Quebec,-76.03078829,45.63525771,184900.0,1.0,3.0,42
Ontario,-79.4755739,43.6299034,559000.0,1.0,4.0,16
Manitoba,-97.124292,49.9314,239900.0,1.0,1.0,24
Ontario,-76.67930229999997,44.4909036,250000.0,1.0,3.0,24
Alberta,-113.792731,52.390984,314900.0,1.0,4.0,6
British Columbia,-122.6569254,49.1742306,1099900.0,1.0,3.0,21
Ontario,-79.77764,43.433238,554900.0,1.0,4.0,8
Ontario,-79.8252753,43.7243641,699800.0,2.0,2.0,33
British Columbia,-122.8493874,49.20103889999999,409900.0,1.0,2.0,20
Ontario,-81.221508,43.003716,189900.0,1.0,3.0,4
Ontario,-79.872999,43.641948,874900.0,1.0,4.0,21
Ontario,-80.107907,42.890679,359900.0,2.0,3.0,25
Ontario,-86.9515349,49.727343,155000.0,1.0,5.0,36
Manitoba,-96.824778,50.189264,569900.0,1.0,3.0,29
Ontario,-79.75958299999998,43.374064,679747.0,1.0,4.0,5
Ontario,-80.046816,43.636977,599900.0,1.0,5.0,12
Quebec,-73.64833613,45.4843409,1890000.0,2.0,1.0,33
Quebec,-75.78457997,45.71330962,124900.0,2.0,2.0,17
British Columbia,-123.52397,49.408137,369000.0,1.0,5.0,32
Ontario,-80.743425,42.883414,550000.0,1.0,5.0,20
Ontario,-79.49188199999998,44.040785,969900.0,1.0,4.0,26
Ontario,-79.800616,43.122633,659000.0,1.0,3.0,17
British Columbia,-121.029865572487,51.854465104245,359900.0,2.0,1.0,6
Ontario,-75.70536,45.415821,275000.0,2.0,2.0,22
Manitoba,-97.321271,49.88904,174900.0,1.0,5.0,26
British Columbia,-122.9769301,49.279551,588000.0,2.0,4.0,7
Ontario,-83.009342,42.258649,339000.0,2.0,1.0,6
Ontario,-79.3958712,43.8416373,389000.0,1.0,4.0,21
Ontario,-75.659823,45.387018,489900.0,1.0,5.0,7
Nova Scotia,-64.487522,45.089074,159900.0,1.0,3.0,21
Alberta,-113.395435,53.47588100000001,287000.0,1.0,3.0,26
New Brunswick,-64.654187,45.855451,197900.0,2.0,4.0,19
Quebec,-74.1560017,45.13518892,239000.0,2.0,1.0,18
Ontario,-79.3730864,43.6556869,399000.0,2.0,2.0,6
Ontario,-79.3730864,43.6556869,399000.0,1.0,3.0,6
Alberta,-113.978066,51.027618,199000.0,1.0,6.0,14
Ontario,-79.74373359999998,43.5481527,968000.0,2.0,2.0,16
Ontario,-78.70649209999998,43.9066828,329900.0,1.0,2.0,15
Nova Scotia,-64.4319447619019,45.1510027400038,70000.0,1.0,3.0,22
British Columbia,-122.79183372618999,53.9971844814519,284900.0,1.0,5.0,13
British Columbia,-122.754299,49.291653,1488000.0,1.0,2.0,6
Quebec,-73.580384,45.566297,309000.0,1.0,4.0,41
Ontario,-79.03471,44.3514,469900.0,1.0,3.0,42
British Columbia,-123.574099,48.889214,775000.0,1.0,3.0,21
British Columbia,-122.8210338,49.0583326,1749000.0,1.0,2.0,34
Manitoba,-97.108532,49.888733,309900.0,1.0,4.0,13
Ontario,-79.3508631,43.6713319,799000.0,2.0,0.0,7
Ontario,-79.43052159999998,43.64288679999999,449000.0,2.0,3.0,2
Ontario,-79.6776297,44.4112176,254900.0,2.0,4.0,22
Alberta,-113.811521,52.355849,709900.0,2.0,4.0,22
Ontario,-94.5620438411392,49.7547318218095,199900.0,2.0,1.0,12
British Columbia,-122.689725,49.133825,999000.0,2.0,2.0,9
Alberta,-113.5470234,53.59892270000001,339900.0,1.0,3.0,12
British Columbia,-122.77301609999998,49.287902,900000.0,2.0,1.0,12
British Columbia,-123.1252236,49.2768552,699000.0,1.0,4.0,15
British Columbia,-122.8166995,49.1258405,988000.0,1.0,3.0,9
Ontario,-80.27037299999998,43.536529,399000.0,2.0,3.0,8
Ontario,-79.4209967,43.6546527,2695000.0,2.0,4.0,21
Ontario,-79.4209967,43.6546527,2695000.0,1.0,2.0,21
Ontario,-79.49816729999998,43.61337879999999,749000.0,1.0,4.0,14
Ontario,-80.21426,44.488389,624900.0,2.0,3.0,46
Ontario,-79.4281018,43.6428951,459900.0,2.0,1.0,11
Ontario,-79.4281018,43.6428951,459900.0,2.0,2.0,11
Ontario,-78.6867359,43.9248019,599900.0,1.0,4.0,41
Alberta,-114.168556,51.049177,644000.0,2.0,2.0,12
Ontario,-79.4257314,43.642564,769000.0,2.0,4.0,20
Ontario,-79.4257314,43.642564,769000.0,2.0,2.0,20
Ontario,-79.81263299999998,43.35748,559900.0,1.0,3.0,14
Ontario,-78.40778,44.396631,249900.0,1.0,4.0,8
British Columbia,-123.2114835,49.2604515,3398000.0,2.0,4.0,19
Ontario,-79.453582,42.873639,689900.0,1.0,4.0,6
Ontario,-80.575007,43.598077,689900.0,1.0,2.0,12
Ontario,-81.274785,43.019729,299900.0,1.0,3.0,8
British Columbia,-123.68501299999998,48.801335,559000.0,1.0,3.0,11
Quebec,-73.49450892,45.69271731,299000.0,1.0,3.0,6
British Columbia,-119.265862,50.705071,499900.0,1.0,4.0,41
Ontario,-77.977933,44.059435,549000.0,1.0,4.0,8
Alberta,-114.116915,51.166546,425000.0,2.0,2.0,43
Ontario,-79.2374037,43.79183560000001,339000.0,1.0,4.0,10
Manitoba,-97.095497,49.928504,214900.0,1.0,3.0,7
Ontario,-79.39443399999998,44.600881,349900.0,1.0,2.0,17
Newfoundland & Labrador,-68.33519,44.288411,119900.0,1.0,4.0,16
Ontario,-80.472716,42.60590300000001,250000.0,1.0,5.0,26
Alberta,-113.6647993,53.6434999,739900.0,1.0,4.0,26
Alberta,-114.05541399999998,51.165688,395000.0,1.0,3.0,32
Quebec,-74.39096419,46.14311158,179900.0,2.0,1.0,2
Ontario,-80.49663699999998,43.452667,245000.0,1.0,5.0,5
Ontario,-79.2979292,43.6908687,1150000.0,1.0,5.0,5
British Columbia,-123.1190341,49.2602331,749900.0,1.0,3.0,31
Alberta,-114.221667,51.142931,489900.0,1.0,3.0,19
British Columbia,-122.849049,49.128181,749999.0,2.0,1.0,21
British Columbia,-123.54321000000002,48.452074,474800.0,2.0,2.0,14
Manitoba,-97.213933,49.888766,259900.0,1.0,4.0,12
Ontario,-79.812862,43.356485,644500.0,1.0,5.0,26
Alberta,-113.62863652149599,53.6604558567702,589900.0,1.0,3.0,20
Quebec,-77.80591120000003,48.093692,294500.0,1.0,4.0,23
Ontario,-80.4234945774078,42.791666951692704,899900.0,1.0,2.0,43
New Brunswick,-65.822914,45.528173,174900.0,1.0,5.0,40
Alberta,-112.74728,52.871549,639900.0,1.0,3.0,6
Ontario,-83.10575,42.099062,164202.0,1.0,4.0,27
Ontario,-79.406421,43.7174301,2149000.0,1.0,4.0,2
Quebec,-74.03910598,45.39917934,369000.0,1.0,1.0,21
Ontario,-78.508948,44.45307800000001,214900.0,1.0,3.0,10
Saskatchewan,-104.625054,50.483828,334900.0,1.0,4.0,13
Ontario,-79.2510618,43.7644371,699000.0,1.0,6.0,9
Ontario,-80.18136899999998,43.502079,819900.0,2.0,1.0,21
Ontario,-79.4019457,43.6862445,1750000.0,2.0,4.0,36
Ontario,-79.4019457,43.6862445,1750000.0,1.0,5.0,36
Ontario,-79.376994,43.64304600000001,599900.0,1.0,5.0,24
Ontario,-79.889466,43.2217788,399900.0,1.0,3.0,42
Ontario,-79.91656400000002,43.233148,399900.0,1.0,3.0,43
Ontario,-74.743765,45.029414,99900.0,2.0,2.0,8
British Columbia,-122.9068529,49.204811,685000.0,1.0,3.0,47
Ontario,-76.4715777,44.3875101,289000.0,1.0,3.0,12
Ontario,-80.49474000000002,43.383715,475000.0,2.0,2.0,2
British Columbia,-123.2028,49.349474,2275000.0,1.0,3.0,14
Ontario,-79.31550899999998,45.028609,319900.0,2.0,1.0,26
Ontario,-75.689214,45.418038,324900.0,2.0,2.0,25
British Columbia,-123.0021212,49.23068920000001,738000.0,2.0,3.0,19
Ontario,-76.5543748,44.26632070000001,429900.0,1.0,3.0,20
British Columbia,-122.77248188954901,53.914873574647,275000.0,2.0,2.0,14
Ontario,-79.734892,43.365377,609000.0,2.0,1.0,14
British Columbia,-122.7844922,49.2934643,500000.0,1.0,3.0,19
Ontario,-80.56065,43.438554,409900.0,2.0,2.0,10
Ontario,-79.4159028,43.641579,619900.0,1.0,4.0,28
British Columbia,-125.230969,49.954139,539700.0,1.0,3.0,27
Ontario,-75.741399,45.274117,179900.0,1.0,3.0,9
British Columbia,-123.106323,49.197586,898000.0,1.0,3.0,3
Nova Scotia,-64.7705948,45.3324196,25750.0,2.0,1.0,50
Ontario,-80.483455,43.455159,206900.0,2.0,1.0,4
British Columbia,-123.13376370000002,49.1903353,479000.0,2.0,1.0,13
British Columbia,-123.363559,48.426247,397000.0,1.0,4.0,12
Ontario,-79.2744272,43.9015545,899000.0,2.0,3.0,18
British Columbia,-122.8098958,49.1853255,519000.0,2.0,2.0,32
Ontario,-79.39073359999998,43.6738894,950000.0,2.0,2.0,15
Ontario,-79.39073359999998,43.6738894,950000.0,1.0,4.0,15
Ontario,-79.0212205,43.8262872,575000.0,1.0,2.0,10
Ontario,-74.662476,45.298612,234500.0,1.0,8.0,16
Ontario,-79.90405600000003,43.260084,649900.0,1.0,3.0,6
Ontario,-75.740763,45.273889,234900.0,1.0,5.0,19
Ontario,-79.7616511,43.70415300000001,434900.0,2.0,2.0,7
British Columbia,-123.0055412,49.2660666,643000.0,1.0,4.0,26
Ontario,-79.2509847,43.8400749,788800.0,1.0,2.0,35
Quebec,-74.602758,46.117135,209900.0,1.0,3.0,43
Ontario,-80.176517,43.509966,489900.0,1.0,3.0,14
Ontario,-79.23643630000002,43.9783779,629900.0,2.0,1.0,1
Ontario,-79.1826878,43.7869603,1349000.0,1.0,3.0,17
Alberta,-110.789754,50.072342,182900.0,1.0,4.0,7
Saskatchewan,-102.785702,50.933644,305000.0,2.0,1.0,18
British Columbia,-123.1214703,49.2792146,674900.0,2.0,1.0,22
British Columbia,-122.98880590000002,50.0959511,135000.0,1.0,4.0,9
Ontario,-79.7355402,43.5633589,920000.0,1.0,3.0,22
Ontario,-80.18002299999998,43.517006,429900.0,2.0,2.0,17
British Columbia,-123.1200097,49.2307471,1085000.0,2.0,2.0,7
British Columbia,-123.1591805,49.1207158,699900.0,2.0,2.0,18
Quebec,-74.16448100000002,45.894288,279000.0,1.0,3.0,22
Ontario,-76.1211945,44.5525069,159803.0,1.0,3.0,9
Alberta,-114.010634,51.261824,399900.0,1.0,3.0,11
Ontario,-79.812212,43.127014,424000.0,1.0,4.0,11
Ontario,-80.2514255,43.5772001,499900.0,1.0,4.0,15
British Columbia,-123.1372096,49.1725928,736000.0,2.0,3.0,2
British Columbia,-123.378155,48.463684,1199000.0,1.0,4.0,33
Ontario,-79.2645178,43.7059744,699900.0,2.0,2.0,7
Alberta,-114.059694,50.91193300000001,259000.0,1.0,3.0,19
Ontario,-79.8404601216316,43.75061564924379,674888.0,2.0,1.0,14
British Columbia,-123.361529,48.424865,424900.0,1.0,4.0,19
British Columbia,-121.954437762676,52.1224501201293,422000.0,1.0,5.0,42
Ontario,-79.22162790000002,43.735044,699000.0,1.0,5.0,29
Ontario,-79.2283076,43.8224588,699000.0,1.0,3.0,34
Alberta,-113.6068274,53.62499129999999,319900.0,1.0,2.0,41
Ontario,-74.629463,45.512065,119000.0,1.0,3.0,29
Manitoba,-97.309889,49.860191,309900.0,1.0,3.0,15
Alberta,-114.087675,50.95274600000001,249900.0,2.0,2.0,10
Ontario,-80.7541503,42.8809504,224900.0,1.0,1.0,4
Nova Scotia,-63.68235,44.7905001,194900.0,1.0,3.0,21
Ontario,-79.70533449999998,43.5962247,769999.0,1.0,4.0,11
Alberta,-113.5601964,53.5654363,300000.0,2.0,1.0,12
Ontario,-79.4799355,43.7259962,362900.0,2.0,2.0,11
Alberta,-114.062341,51.032906,485000.0,1.0,3.0,31
Ontario,-79.51684809999998,43.7494371,174900.0,1.0,3.0,17
Ontario,-79.7373408,43.5754552,639900.0,1.0,4.0,24
Ontario,-74.933865,45.120803,368500.0,2.0,2.0,28
Ontario,-75.670342,45.438241,328500.0,1.0,3.0,29
Ontario,-79.51104690000003,43.75598400000001,719900.0,2.0,1.0,2
British Columbia,-123.0915742,49.2631733,479000.0,1.0,5.0,11
Alberta,-114.129958,51.13757,699000.0,1.0,4.0,35
Ontario,-79.04996170000003,43.886215,778000.0,1.0,4.0,5
Ontario,-79.1720567,43.8094125,519900.0,1.0,6.0,8
British Columbia,-123.353826,48.45954,750000.0,2.0,1.0,8
British Columbia,-123.0238419,49.2342864,588000.0,1.0,4.0,25
British Columbia,-124.198252,49.30287,858000.0,1.0,3.0,6
Ontario,-75.732387,45.376832,399900.0,1.0,3.0,15
Ontario,-81.171448,42.962923,359900.0,1.0,5.0,2
New Brunswick,-64.7128,46.0925,374900.0,1.0,4.0,13
Ontario,-80.089388,43.296438,774950.0,1.0,4.0,9
Ontario,-77.407365,44.235888,337900.0,2.0,2.0,6
British Columbia,-123.1100866,49.2791133,930000.0,1.0,3.0,25
Manitoba,-97.594755,49.35481,279900.0,1.0,3.0,7
Ontario,-79.4493254,43.6535461,799000.0,1.0,2.0,14
Ontario,-79.866389,43.489288,539900.0,2.0,2.0,16
Alberta,-114.202987,51.140399,315000.0,2.0,2.0,30
Ontario,-79.3460908,43.77432520000001,599990.0,1.0,4.0,5
Ontario,-79.71771600000002,43.569493,715000.0,1.0,3.0,30
British Columbia,-123.863069,49.167996,525000.0,1.0,3.0,35
Ontario,-79.104803,43.070295,750000.0,1.0,4.0,19
Ontario,-79.33229399999998,45.21083,279900.0,1.0,3.0,23
Ontario,-79.6487460136905,43.609270266515,659500.0,2.0,3.0,18
Ontario,-79.2350717,43.740617,349000.0,2.0,2.0,15
Ontario,-79.72855440000002,43.6566995,399000.0,2.0,2.0,6
Ontario,-79.5479308,43.6982421,624900.0,1.0,5.0,12
Ontario,-79.83483299999997,43.371389,759900.0,1.0,4.0,21
British Columbia,-123.349675,48.43742,689900.0,2.0,2.0,28
British Columbia,-122.7958547,49.1858946,639900.0,2.0,2.0,35
Ontario,-80.374749,43.202592,749000.0,2.0,4.0,34
Ontario,-79.3982777,43.8533842,2050000.0,1.0,4.0,14
British Columbia,-123.06003,49.308791,1429900.0,2.0,4.0,44
Ontario,-76.1601338,44.3290029,419900.0,2.0,2.0,30
Ontario,-79.3846115,43.6694425,969900.0,2.0,2.0,16
British Columbia,-122.868966,49.134771,426800.0,1.0,3.0,33
Ontario,-77.593194,44.098662,269900.0,1.0,4.0,14
British Columbia,-121.939096,49.173813,324700.0,1.0,6.0,13
Ontario,-75.51434499999998,45.458171,599000.0,2.0,2.0,2
Manitoba,-97.029751,49.893054,384900.0,2.0,1.0,39
Ontario,-78.8569833,43.88242329999999,359800.0,1.0,3.0,12
British Columbia,-122.8648267,49.1095063,682900.0,2.0,2.0,42
Quebec,-73.739111,45.438936,369000.0,1.0,2.0,18
Ontario,-75.45970600000003,45.453211,285000.0,2.0,2.0,9
Ontario,-79.5285944,43.6443244,499900.0,2.0,1.0,24
Ontario,-80.53918900000002,43.46107,219000.0,1.0,3.0,22
Ontario,-79.882069,44.75474000000001,229777.0,2.0,1.0,17
Manitoba,-97.029758,49.771847,379900.0,1.0,4.0,9
Newfoundland & Labrador,-52.807589,47.5106465,289900.0,2.0,1.0,41
British Columbia,-121.9599431,49.1732707,239000.0,1.0,2.0,13
Ontario,-79.8599061369896,43.5335632851548,529900.0,2.0,1.0,20
British Columbia,-123.0040735,49.2251902,649000.0,1.0,3.0,35
British Columbia,-122.818016,49.285597,779888.0,2.0,2.0,23
Ontario,-79.8330664,43.6947819,829900.0,1.0,3.0,14
Ontario,-81.685158,43.72091,489000.0,1.0,3.0,11
Ontario,-79.84413909999998,43.3671679,649990.0,1.0,2.0,7
Alberta,-114.036666,50.889783,349900.0,1.0,3.0,26
Ontario,-79.7681833,43.5846596,779900.0,2.0,2.0,15
British Columbia,-122.9043187,49.2791423,689800.0,1.0,2.0,18
Ontario,-75.280152,45.276957,359900.0,1.0,5.0,13
Alberta,-113.6234838,53.5341515,137700.0,1.0,4.0,15
Newfoundland & Labrador,-53.13757800000001,47.433643,73900.0,1.0,4.0,13
Manitoba,-97.106966,49.934205,374900.0,1.0,3.0,11
Ontario,-75.633564,45.368543,369900.0,1.0,4.0,11
Ontario,-81.244236,43.047132,439900.0,1.0,3.0,7
British Columbia,-123.400246,48.560459,829900.0,2.0,2.0,15
Ontario,-84.0412342,46.4854921,169500.0,1.0,2.0,11
Alberta,-113.4715229,53.5666715,176500.0,1.0,3.0,13
Ontario,-81.658365,45.26054600000001,369000.0,1.0,6.0,8
Ontario,-77.9463003185811,44.0069014590737,699000.0,1.0,5.0,38
Ontario,-79.49129079999999,43.729735,949800.0,1.0,4.0,22
Ontario,-80.02382159999998,43.6321713,549900.0,1.0,3.0,12
Ontario,-79.52268199999997,43.184865,699000.0,1.0,3.0,25
British Columbia,-122.6710263,49.1674086,147500.0,1.0,4.0,9
Saskatchewan,-106.648398,52.098005,325000.0,1.0,2.0,22
British Columbia,-122.3652585,49.0684966,478888.0,1.0,2.0,14
Ontario,-80.431598,42.641021,249800.0,1.0,4.0,15
Saskatchewan,-104.626382,50.494249,429900.0,2.0,2.0,12
British Columbia,-121.96115666933001,49.1559381770239,364900.0,1.0,3.0,24
British Columbia,-123.0637788,49.21826179999999,1350000.0,2.0,4.0,21
Ontario,-79.233921,43.194686,398900.0,1.0,4.0,31
Ontario,-79.754237,43.5543152,790000.0,1.0,3.0,8
British Columbia,-122.907305,49.2643194,675000.0,1.0,3.0,20
Manitoba,-97.107106,49.915837,150000.0,1.0,2.0,21
Ontario,-81.717187,43.739047,329900.0,1.0,4.0,9
British Columbia,-123.0809829,49.331658,1549900.0,2.0,2.0,21
Ontario,-81.502514,43.33759000000001,350000.0,1.0,3.0,10
Ontario,-81.192796,43.009808,174900.0,1.0,5.0,31
Ontario,-80.514702,43.425057,889900.0,1.0,0.0,3
Alberta,-114.156042,51.073297,449900.0,1.0,3.0,2
Ontario,-81.659912,45.250085,360000.0,1.0,4.0,18
Ontario,-79.47933090000002,43.6519302,1299000.0,2.0,2.0,2
Ontario,-79.669973,43.443394,1400000.0,1.0,3.0,26
Ontario,-80.496666,43.471708,499900.0,1.0,4.0,19
British Columbia,-123.1981605,49.22927120000001,1249000.0,1.0,4.0,7
Ontario,-82.835815,42.185587,379000.0,1.0,4.0,27
Ontario,-79.4366946,44.5989053,479900.0,2.0,3.0,18
Alberta,-113.752571,52.23957,650000.0,1.0,3.0,21
Ontario,-79.6462202,44.7954208,749000.0,1.0,3.0,10
Ontario,-79.45450799999998,44.0663,419900.0,2.0,2.0,8
Ontario,-79.274493,43.82482589999999,349500.0,1.0,3.0,12
Ontario,-82.311441,43.023847,384900.0,2.0,1.0,13
British Columbia,-123.0271051,49.2353958,568000.0,2.0,2.0,22
British Columbia,-122.9256795,49.2128809,399900.0,1.0,3.0,28
Ontario,-75.473282,45.474289,419900.0,1.0,2.0,16
British Columbia,-121.935329,49.1570069,419900.0,1.0,3.0,27
Alberta,-113.7507926,52.2392555,384900.0,1.0,2.0,32
British Columbia,-122.9128798,49.2064375,628000.0,1.0,3.0,9
British Columbia,-125.245698,49.995007,224500.0,1.0,2.0,26
Alberta,-114.217867297974,53.8815488141834,63500.0,2.0,5.0,9
Ontario,-82.98751999999998,42.280234,144900.0,1.0,3.0,6
Ontario,-79.836727,43.37125800000001,619900.0,2.0,2.0,3
Ontario,-79.2552731,43.773249,438000.0,1.0,4.0,36
Ontario,-79.673286,44.402529,445000.0,1.0,3.0,12
Ontario,-79.3731084,43.7801405,4800000.0,1.0,4.0,7
Ontario,-79.3731084,43.7801405,4800000.0,2.0,4.0,7
Ontario,-79.39516970000003,43.6376891,1200000.0,2.0,1.0,31
Ontario,-79.39516970000003,43.6376891,1200000.0,2.0,2.0,31
Ontario,-80.239879,43.54474,329900.0,2.0,1.0,10
Alberta,-113.4577273,53.417821,485000.0,1.0,5.0,18
Alberta,-113.4577273,53.417821,485000.0,1.0,3.0,18
Ontario,-75.348775,45.094888,217700.0,2.0,1.0,23
Quebec,-73.93016759,45.58629507,149900.0,1.0,3.0,18
British Columbia,-124.347261,49.334653,719000.0,1.0,3.0,28
Ontario,-79.708486,43.423334,900000.0,1.0,3.0,14
Quebec,-71.26301508,46.7215299,237000.0,1.0,3.0,7
Ontario,-79.25516929999998,43.7221443,719900.0,1.0,3.0,7
British Columbia,-123.1580713,49.1411117,898000.0,1.0,2.0,13
Ontario,-77.2754786,44.4625948,275000.0,1.0,2.0,26
British Columbia,-123.326879,48.485139,875000.0,2.0,3.0,43
Ontario,-79.4045838,43.756899,728888.0,1.0,6.0,17
Ontario,-79.78580500000002,43.716232,829900.0,1.0,3.0,17
British Columbia,-124.045471,48.833353,209000.0,1.0,2.0,18
British Columbia,-123.922569,49.137869,69000.0,1.0,3.0,10
Ontario,-79.278453,43.181857,1720000.0,1.0,3.0,20
Ontario,-75.891696,45.274497,409900.0,2.0,2.0,9
British Columbia,-124.524307,49.82656400000001,398800.0,2.0,2.0,20
Ontario,-76.131975,45.136214,339000.0,1.0,3.0,17
Ontario,-80.76629399999999,42.762347,429900.0,1.0,4.0,14
Ontario,-80.2369138,43.5291706,779000.0,1.0,3.0,26
British Columbia,-122.755323,49.273312,560000.0,2.0,2.0,13
British Columbia,-123.0694752,49.3168059,729000.0,2.0,2.0,31
Ontario,-75.678416,45.416683,362000.0,1.0,3.0,20
Ontario,-79.889801,43.496106,815000.0,1.0,4.0,36
Ontario,-79.85786819772329,43.7003756955264,798800.0,1.0,3.0,22
British Columbia,-123.070717,49.3140699,1279000.0,1.0,3.0,10
Ontario,-79.3196068,43.675937,739900.0,1.0,4.0,8
Ontario,-79.991497,44.694794,249900.0,1.0,3.0,23
Ontario,-77.377884,44.157942,649900.0,1.0,5.0,34
Ontario,-80.05817440000001,44.1953898,649900.0,1.0,3.0,30
Ontario,-79.44570999999998,43.68965220000001,769900.0,1.0,4.0,5
Ontario,-79.44570999999998,43.68965220000001,769900.0,2.0,1.0,5
Ontario,-79.4031651,43.7580713,395000.0,1.0,3.0,29
Ontario,-81.283589,42.993384000000006,379000.0,1.0,3.0,6
Ontario,-79.4282139837742,43.6772156759958,929000.0,2.0,1.0,7
British Columbia,-122.8686807,49.24955300000001,519900.0,1.0,2.0,15
Alberta,-114.37982,49.570341,168800.0,1.0,4.0,14
Ontario,-79.82149040000002,43.7602564,1239000.0,1.0,3.0,25
Ontario,-79.7493342,43.4306888,565000.0,1.0,3.0,13
Ontario,-76.20328719999998,44.6879254,399000.0,1.0,3.0,27
Nova Scotia,-63.4245579,44.68933970000001,209000.0,2.0,3.0,17
Ontario,-79.64200859999998,43.5846035,398000.0,2.0,1.0,1
Ontario,-81.2111465,48.4838711,119900.0,2.0,3.0,24
Ontario,-79.3374816,43.7754238,599000.0,1.0,3.0,10
British Columbia,-123.0378593,49.2701583,1438000.0,1.0,4.0,27
Ontario,-79.72778000000002,43.5655749,797000.0,1.0,3.0,11
Alberta,-114.18167,51.036146,619900.0,1.0,5.0,37
Ontario,-79.56212,43.192146,528500.0,1.0,3.0,11
Ontario,-79.4470172,43.903118,699000.0,2.0,2.0,15
Quebec,-73.599814,45.535789,318000.0,2.0,1.0,30
British Columbia,-121.962288,49.161102,173500.0,1.0,0.0,28
Ontario,-79.563201,43.202198,489900.0,1.0,4.0,22
Ontario,-79.2670879,43.8113322,585000.0,1.0,3.0,10
Ontario,-82.36291999999997,42.964752,129900.0,1.0,2.0,7
Ontario,-77.28608,45.89905,54500.0,1.0,3.0,32
Ontario,-79.85876800000003,43.273932,349900.0,2.0,1.0,3
Manitoba,-99.457667,50.2197,319500.0,2.0,2.0,44
British Columbia,-123.475277,48.443847,350000.0,1.0,3.0,21
Ontario,-75.943995,45.26110300000001,324900.0,2.0,2.0,11
Ontario,-79.64567199999998,43.581375,454900.0,1.0,3.0,35
Ontario,-79.7681338,43.5630309,645000.0,1.0,3.0,8
Alberta,-114.254408,51.111261,824900.0,1.0,3.0,10
Alberta,-114.254408,51.111261,824900.0,1.0,3.0,10
Ontario,-81.308774,43.022381,989900.0,1.0,5.0,19
Ontario,-81.308774,43.022381,989900.0,1.0,4.0,19
Ontario,-79.75793,43.374536,829000.0,1.0,3.0,21
Ontario,-80.960638,43.738422,299900.0,1.0,6.0,8
Alberta,-114.154094,51.032346,800000.0,1.0,2.0,3
Ontario,-80.93055,44.707146,230000.0,1.0,2.0,11
Ontario,-79.855151,43.216205,769900.0,1.0,3.0,19
Ontario,-79.2978964,43.7742486,918900.0,1.0,4.0,25
Nova Scotia,-63.543063,44.994923,274900.0,1.0,4.0,35
Ontario,-76.6272731,44.2690834,664900.0,2.0,2.0,21
Ontario,-79.38786640000002,43.6721931,1599000.0,1.0,2.0,26
Manitoba,-96.981473,50.759698,189900.0,1.0,4.0,25
British Columbia,-121.9386493,49.1805304,509900.0,1.0,3.0,18
Ontario,-79.45240809999999,44.0130028,715000.0,1.0,3.0,9
Ontario,-79.8409992456436,43.750655933317006,697000.0,1.0,4.0,24
Ontario,-79.85225200000002,43.200788,549333.0,2.0,3.0,34
Ontario,-79.3914457,43.641365500000006,730000.0,1.0,3.0,11
British Columbia,-122.4736231,49.0024494,299500.0,2.0,2.0,34
British Columbia,-122.91480020000002,49.2083809,499000.0,2.0,1.0,27
Ontario,-79.2391839,43.9005586,729000.0,1.0,3.0,6
British Columbia,-117.723822,49.099135,229000.0,2.0,5.0,16
Alberta,-118.753744,55.18711999999999,359900.0,1.0,3.0,42
Ontario,-76.5146275,44.23929879999999,279900.0,2.0,1.0,22
Ontario,-80.1720504,43.5137394,503900.0,1.0,4.0,39
Ontario,-79.191225,43.093605,549900.0,1.0,3.0,42
Ontario,-79.78845600000002,43.393044,384900.0,2.0,2.0,16
Ontario,-81.2067,42.9712,139900.0,2.0,3.0,29
Ontario,-79.3837757,43.6397444,799900.0,1.0,3.0,9
Ontario,-80.0462993,43.635599600000006,499900.0,2.0,2.0,8
Ontario,-82.976472,42.329681,449900.0,1.0,3.0,5
Manitoba,-97.25539,49.858648,255000.0,2.0,2.0,40
British Columbia,-123.0062008,49.2657573,889900.0,1.0,2.0,13
Manitoba,-98.105596,49.197257,144500.0,2.0,2.0,14
Ontario,-79.401045,43.63842,540000.0,1.0,3.0,2
Ontario,-79.36250150000002,43.7037169,2049900.0,1.0,5.0,8
Ontario,-79.94179399999999,43.212414,908000.0,1.0,3.0,25
Ontario,-79.440202,46.283499,249000.0,2.0,2.0,14
British Columbia,-122.8331001,49.279976,588000.0,1.0,4.0,37
Saskatchewan,-106.610788,52.085985,454900.0,1.0,4.0,20
Ontario,-79.0397642,43.89230739999999,724900.0,2.0,3.0,12
Ontario,-79.38940579999998,43.6441277,1858800.0,1.0,5.0,9
Ontario,-79.37871609999998,43.6905617,2295000.0,2.0,3.0,24
Ontario,-79.4001593,43.7046285,719000.0,1.0,3.0,13
Nova Scotia,-61.6023673,45.1499816,104900.0,2.0,2.0,35
Ontario,-80.920888,44.569618,172000.0,1.0,5.0,24
Alberta,-113.6284646,53.6622169,409900.0,1.0,4.0,8
Alberta,-113.6284646,53.6622169,409900.0,2.0,2.0,8
Ontario,-79.807331,43.3221,695000.0,2.0,1.0,13
British Columbia,-123.1252868,49.27361970000001,1333000.0,1.0,3.0,25
New Brunswick,-65.756548,46.774205,159900.0,1.0,3.0,1
Quebec,-73.632703,45.569564,369900.0,2.0,2.0,47
British Columbia,-123.1545067,49.2616995,938000.0,2.0,2.0,17
Ontario,-79.3805814,43.6705467,718000.0,1.0,2.0,42
Ontario,-79.8073834,43.4006566,969000.0,1.0,4.0,19
Ontario,-79.23223399999998,43.211936,609900.0,1.0,4.0,12
Ontario,-80.551843,43.495717,349900.0,2.0,3.0,6
Quebec,-73.56924408,45.46342412,365000.0,1.0,5.0,20
Ontario,-79.778733,43.5869136,929900.0,1.0,5.0,21
Alberta,-113.6208368,53.6681198,529900.0,2.0,3.0,37
Ontario,-79.4061083,43.7040652,649900.0,1.0,3.0,7
Ontario,-79.7937225,43.3407445,514900.0,1.0,1.0,33
British Columbia,-123.1217072,49.2763275,1188000.0,1.0,3.0,18
Manitoba,-96.942782,50.135763,329900.0,1.0,4.0,14
Ontario,-79.220543,43.17537700000001,249999.99,1.0,3.0,4
Ontario,-79.669264,44.400216,539900.0,1.0,3.0,29
Ontario,-79.67981,43.4808098,1288800.0,2.0,2.0,44
Ontario,-79.3329546,43.7524335,449900.0,2.0,2.0,24
Ontario,-79.4244113,43.6405289,449000.0,2.0,5.0,5
Ontario,-79.4244113,43.6405289,449000.0,1.0,4.0,5
Ontario,-79.7433056,43.6884912,599900.0,1.0,4.0,30
British Columbia,-123.549013,48.440604,1199800.0,1.0,1.0,7
Quebec,-73.493871,45.52183,665000.0,1.0,3.0,31
Ontario,-80.86105699999997,43.039679,459900.0,1.0,3.0,21
Alberta,-113.4405179,53.413339,389900.0,1.0,3.0,28
Ontario,-79.68915909999998,43.7593023,398000.0,2.0,2.0,11
British Columbia,-123.531296,48.443142,485000.0,2.0,2.0,14
Ontario,-79.7562631,43.6972917,728800.0,2.0,2.0,6
Ontario,-80.177128,46.308563,283900.0,1.0,3.0,36
Quebec,-75.86783528,46.27140159,85000.0,2.0,1.0,30
Ontario,-79.366969,43.650842,358000.0,2.0,1.0,23
Manitoba,-97.148044,49.949269,264900.0,2.0,3.0,7
Ontario,-79.43253979999999,43.848575,769000.0,1.0,5.0,38
Ontario,-79.2495318,43.7113467,999000.0,1.0,4.0,8
Ontario,-79.25445970000001,43.8453268,698000.0,1.0,3.0,18
British Columbia,-121.9530722,49.120247226106216,769900.0,1.0,3.0,17
Ontario,-79.33719649999998,43.6829425,899000.0,1.0,4.0,7
Ontario,-78.911367058754,43.9552858394089,699900.0,1.0,4.0,15
British Columbia,-123.1445269,49.1736419,748800.0,2.0,2.0,15
Ontario,-79.3924571,43.6455046,699000.0,1.0,4.0,7
British Columbia,-122.2674698,49.1601554,699000.0,1.0,4.0,12
Alberta,-113.4206308,53.5467122,389800.0,1.0,7.0,10
British Columbia,-122.3319785,49.051216,1324888.0,2.0,1.0,33
Ontario,-79.408622,43.7588578,449900.0,1.0,2.0,18
Manitoba,-97.115478,49.873373,199900.0,1.0,3.0,15
Ontario,-79.32863470000002,43.7250061,628888.0,2.0,1.0,32
Quebec,-73.66606999999998,45.457232,410000.0,2.0,2.0,29
British Columbia,-122.8944169,49.2529665,715000.0,1.0,3.0,34
Quebec,-73.757279,45.648725,339900.0,1.0,4.0,12
Alberta,-113.6375213,53.65404640000001,364900.0,1.0,3.0,12
British Columbia,-115.986119,49.685977,160000.0,2.0,3.0,35
Ontario,-79.5702403,43.65649570000001,419888.0,2.0,1.0,11
Ontario,-79.3802567,43.8476722,659000.0,2.0,2.0,24
British Columbia,-123.068006,49.027882,539900.0,2.0,2.0,42
Ontario,-79.53674000000002,43.638682,518000.0,1.0,3.0,14
Ontario,-77.788379,44.301507,369900.0,1.0,3.0,20
Alberta,-112.725999,52.33015,239900.0,2.0,2.0,17
British Columbia,-122.7939778,49.28153320000001,598800.0,1.0,5.0,14
Ontario,-79.58117309999999,43.59420460000001,1075000.0,1.0,5.0,20
Ontario,-82.84621800000002,42.315932,1295000.0,2.0,4.0,8
Ontario,-79.3920888,43.6966701,539900.0,2.0,2.0,7
Ontario,-79.3920888,43.6966701,539900.0,1.0,3.0,7
Ontario,-80.19868670000002,43.5146209,499500.0,1.0,2.0,15
Ontario,-79.7761216,43.5830385,409900.0,1.0,3.0,24
Ontario,-75.774907,45.264331,379900.0,2.0,2.0,23
Quebec,-73.88705578,45.53737422,145000.0,2.0,3.0,29
Ontario,-89.22791099999998,48.4355509,169000.0,1.0,4.0,22
Ontario,-82.464123,42.838872,329900.0,1.0,3.0,4
Ontario,-80.30711,43.34982,329900.0,2.0,2.0,5
British Columbia,-123.1312644,49.1727261,398000.0,2.0,3.0,23
Ontario,-79.6309547,43.5890166,475000.0,1.0,7.0,16
British Columbia,-123.0568733,49.2395532,2200000.0,1.0,3.0,26
Ontario,-75.494496,45.475585,180000.0,1.0,6.0,1
Ontario,-83.070782,42.303399,259900.0,1.0,4.0,11
Ontario,-79.468008,44.029522,890000.0,1.0,2.0,12
Ontario,-82.364811,42.985143,159900.0,1.0,5.0,4
British Columbia,-122.7420602,49.117838,825000.0,2.0,1.0,16
Ontario,-76.662995,44.755155,1189000.0,1.0,3.0,17
Quebec,-73.98387882,45.38404923,249900.0,2.0,1.0,29
Ontario,-79.4125865,43.7655809,599000.0,2.0,3.0,14
Ontario,-79.4125865,43.7655809,599000.0,1.0,2.0,14
British Columbia,-123.1123615,49.3412359,1779000.0,1.0,4.0,30
Ontario,-82.054161,42.914583,479950.0,1.0,4.0,10
Ontario,-79.3661135,43.8991391,1568000.0,2.0,1.0,32
Ontario,-79.4045838,43.756899,569000.0,2.0,2.0,48
Ontario,-79.4045838,43.756899,569000.0,1.0,3.0,48
Ontario,-80.21386700000002,43.148632,264900.0,1.0,3.0,9
Ontario,-80.181529,44.497103,619000.0,1.0,2.0,6
Ontario,-76.024885,44.886841,336000.0,1.0,6.0,39
Ontario,-79.2950856,43.8002282,649000.0,2.0,2.0,17
British Columbia,-123.2340949,49.250913,999000.0,1.0,4.0,36
British Columbia,-123.0435592,49.2456553,1599000.0,1.0,3.0,34
Manitoba,-97.232653,49.882564,234999.0,2.0,1.0,13
British Columbia,-123.0747482,49.3137508,530000.0,1.0,3.0,26
Ontario,-79.811272,43.370506,579000.0,2.0,2.0,10
British Columbia,-122.6069742,49.225743,378800.0,2.0,2.0,18
Ontario,-78.83891690000002,43.90170429999999,399000.0,1.0,2.0,14
British Columbia,-123.62297,48.675462,86000.0,2.0,1.0,11
Ontario,-80.1049265,44.7447274,729900.0,2.0,2.0,8
Ontario,-79.660728,43.61313300000001,364999.0,1.0,4.0,20
Ontario,-79.41293420000002,43.7808526,539888.0,2.0,5.0,21
Alberta,-118.807223,55.19058618,405000.0,1.0,2.0,8
Ontario,-79.75080200000002,44.44412,489900.0,1.0,3.0,21
Ontario,-79.75080200000002,44.44412,489900.0,2.0,2.0,21
Ontario,-75.704223,45.416325,299900.0,1.0,3.0,15
Ontario,-79.272354,45.29467,249900.0,2.0,4.0,3
Ontario,-79.4152434,43.63931820000001,525000.0,2.0,2.0,15
Ontario,-79.4152434,43.63931820000001,525000.0,2.0,2.0,15
British Columbia,-122.8272628,49.2816442,749000.0,2.0,1.0,41
Ontario,-80.73297159999998,43.1488069,244900.0,1.0,4.0,35
Ontario,-80.295301,43.374527,589900.0,1.0,3.0,4
Ontario,-75.677049,45.279269,369900.0,1.0,2.0,11
British Columbia,-122.77918,49.035181,99900.0,1.0,4.0,12
Ontario,-80.3045314,43.3513689,399900.0,1.0,5.0,7
Manitoba,-97.169631,49.880539,289900.0,2.0,5.0,30
Quebec,-73.63031855,45.50336674,459000.0,1.0,4.0,21
Ontario,-79.991435,43.254524,659000.0,2.0,1.0,16
Ontario,-79.7766527,43.7450904,359000.0,1.0,4.0,23
Ontario,-79.57294300000002,43.652137,563000.0,1.0,3.0,29
Ontario,-80.617398,43.528504,869000.0,1.0,3.0,3
Ontario,-78.7416011,44.4470614,269900.0,1.0,3.0,4
Ontario,-79.5078441,43.6971584,529000.0,1.0,3.0,11
Saskatchewan,-105.736366,53.207661,149900.0,1.0,5.0,26
Ontario,-80.31395,43.33152000000001,589900.0,1.0,6.0,7
Ontario,-79.80671,43.043763,1499999.0,1.0,4.0,29
Alberta,-113.5837412,53.4403649,789900.0,2.0,5.0,15
Alberta,-114.023417,50.886233,299000.0,1.0,3.0,18
Ontario,-81.2268878,42.937908,299900.0,2.0,3.0,19
Ontario,-79.3637223,43.6525725,719000.0,2.0,2.0,2
Ontario,-79.3637223,43.6525725,719000.0,1.0,4.0,2
British Columbia,-122.782301,53.99035600000001,419000.0,2.0,6.0,13
Ontario,-83.035471,42.279249,249000.0,2.0,1.0,12
Manitoba,-97.086888,49.949245,179900.0,2.0,3.0,20
Ontario,-75.83466,45.3189,285900.0,2.0,2.0,15
Ontario,-79.3894335,43.6807098,649000.0,2.0,3.0,3
Ontario,-79.3894335,43.6807098,649000.0,1.0,2.0,3
British Columbia,-123.943196,49.148317,839900.0,2.0,1.0,23
Ontario,-79.6471487,43.585935600000006,405900.0,1.0,3.0,24
Ontario,-79.91776800000002,43.324581,629900.0,1.0,4.0,18
Ontario,-78.84250209999998,43.948292,699000.0,2.0,2.0,15
Ontario,-78.77282290000002,44.52359379999999,525000.0,1.0,4.0,39
Ontario,-79.8450483,44.0204394,797000.0,1.0,4.0,39
British Columbia,-124.184075,48.868732,1295000.0,1.0,3.0,14
New Brunswick,-65.792652,45.264895,179900.0,1.0,2.0,21
Manitoba,-97.113157,49.838288,224900.0,1.0,4.0,24
Saskatchewan,-104.389841,50.437799,634900.0,1.0,4.0,33
Ontario,-79.2663882,43.7517446,399000.0,2.0,2.0,38
Ontario,-79.4019482,43.6351391,1450000.0,2.0,2.0,21
Ontario,-79.4019482,43.6351391,1450000.0,1.0,3.0,21
Ontario,-79.573523,43.587511,829900.0,2.0,2.0,31
Saskatchewan,-106.605419,52.14190900000001,299000.0,1.0,2.0,11
Alberta,-112.82242,53.026769,164500.0,2.0,2.0,17
Newfoundland & Labrador,-52.893013,47.527205,449000.0,1.0,4.0,31
Ontario,-79.6756431,43.2288726,919900.0,1.0,2.0,28
Ontario,-82.981018,42.324409,124900.0,1.0,3.0,27
Ontario,-79.13657890000002,43.8384702,739000.0,1.0,5.0,12
Ontario,-79.48392700000002,43.158359,729900.0,1.0,3.0,17
Ontario,-79.4274949,43.6697538,849000.0,2.0,2.0,9
British Columbia,-122.9660654,49.2181297,799999.0,2.0,2.0,6
Manitoba,-96.675779,49.525826,172900.0,1.0,2.0,11
Alberta,-112.087053,49.157932,47000.0,1.0,4.0,14
Ontario,-80.20294100000002,43.522623,1149000.0,1.0,5.0,17
Ontario,-76.55019709999998,44.2668012,852900.0,1.0,2.0,10
Ontario,-79.93258399999998,44.777436,298700.0,1.0,4.0,10
British Columbia,-122.7606034,49.2774227,1018800.0,1.0,3.0,14
Ontario,-79.74979040000002,43.7279539,669900.0,2.0,1.0,6
Ontario,-81.194723,42.770339,179000.0,1.0,5.0,10
Ontario,-80.16634,43.320596,699999.0,1.0,3.0,35
Alberta,-113.604662,53.66423100000001,825000.0,2.0,3.0,31
Ontario,-75.860126,45.28699,399000.0,2.0,2.0,15
British Columbia,-123.1443845,49.1704237,649000.0,1.0,2.0,40
Ontario,-79.4671297,43.6370068,569900.0,1.0,6.0,19
Ontario,-79.6785261,43.555247,4298000.0,1.0,5.0,39
Ontario,-79.280783,43.7383357,899000.0,1.0,7.0,30
Manitoba,-97.301601,49.856544,349900.0,1.0,2.0,8
Ontario,-80.44474,43.395373,234900.0,2.0,2.0,47
Alberta,-114.0404,51.157977,389900.0,2.0,2.0,15
Quebec,-73.608892,45.431842,249000.0,1.0,3.0,19
Ontario,-81.194834,42.960599,129900.0,1.0,4.0,15
Nova Scotia,-65.98307489999999,43.7121058,59900.0,2.0,3.0,31
Ontario,-79.421491,44.642169,379900.0,2.0,1.0,25
Alberta,-113.525191259823,53.60975521217879,269900.0,2.0,2.0,19
Ontario,-79.34172099999998,43.6906406,449000.0,2.0,3.0,3
Ontario,-79.787312,43.210547,205000.0,1.0,3.0,3
New Brunswick,-65.73504,45.41712,85000.0,1.0,3.0,49
Ontario,-79.574884,45.644254,995000.0,1.0,5.0,18
Ontario,-79.7758954,43.2451774,438800.0,2.0,3.0,17
British Columbia,-122.82852350000002,49.2882358,579900.0,1.0,3.0,16
Ontario,-79.1976048,43.766380700000006,288800.0,1.0,3.0,46
Ontario,-78.941806,45.251564,549900.0,1.0,5.0,19
Ontario,-79.11628509999998,43.1065204,349900.0,1.0,3.0,8
Quebec,-77.81297081,48.10437579,269000.0,2.0,1.0,20
Ontario,-75.673599,45.368315,489900.0,1.0,2.0,7
Ontario,-78.78826590000001,43.9143042,329900.0,1.0,2.0,20
Ontario,-79.3756819,43.6679021,699000.0,2.0,4.0,6
Ontario,-79.3756819,43.6679021,699000.0,1.0,4.0,6
Quebec,-73.506428,45.536563,840000.0,2.0,2.0,43
Ontario,-75.702984,45.369678,139900.0,1.0,3.0,20
Ontario,-79.2869909,44.2464596,549900.0,2.0,2.0,38
British Columbia,-122.8386407,49.1975192,438000.0,1.0,4.0,13
Saskatchewan,-106.659792,52.100824,437500.0,1.0,3.0,19
Ontario,-79.732752,43.37967800000001,799900.0,2.0,2.0,40
British Columbia,-122.7822804,49.2574461,529900.0,1.0,1.0,13
Alberta,-114.087108,51.039064,279900.0,2.0,3.0,21
Ontario,-84.3140446,46.5065846,229900.0,1.0,3.0,7
British Columbia,-122.773936,49.15386,688000.0,2.0,2.0,14
Ontario,-79.310002,43.725847,480000.0,2.0,1.0,28
Ontario,-79.392205,43.6489001,498000.0,2.0,2.0,26
British Columbia,-123.534385,48.477329,425000.0,1.0,3.0,28
Ontario,-79.68565840000002,43.7705641,695000.0,1.0,2.0,7
Alberta,-114.217109,51.066676,525000.0,1.0,4.0,14
Alberta,-114.217109,51.066676,525000.0,1.0,4.0,14
Ontario,-79.720288,43.410346,878000.0,2.0,1.0,33
British Columbia,-123.1007357,49.2829941,568000.0,1.0,4.0,12
Alberta,-113.5161,53.492254,449900.0,1.0,3.0,14
Alberta,-113.5161,53.492254,449900.0,2.0,2.0,14
British Columbia,-123.0745806,49.3224377,1388000.0,1.0,2.0,20
Ontario,-81.192332,42.781214,174900.0,2.0,2.0,25
Quebec,-74.0153494,45.41457237,625000.0,2.0,2.0,16
Quebec,-74.22690940000003,45.52578712,89900.0,1.0,4.0,22
Quebec,-73.46349273,45.50042942,225000.0,1.0,5.0,15
Ontario,-79.691438,43.5914137,899000.0,1.0,2.0,9
British Columbia,-123.950992,49.174062,274900.0,1.0,3.0,12
Ontario,-80.264136,43.537555,489000.0,1.0,3.0,8
Manitoba,-99.954299,49.835352,255000.0,1.0,4.0,49
British Columbia,-123.0606373,49.281021,699000.0,1.0,2.0,6
Ontario,-82.13959,43.093587,330000.0,1.0,4.0,10
British Columbia,-123.935246406082,53.898393583624404,535900.0,2.0,2.0,19
British Columbia,-122.79355,49.282496,629000.0,2.0,1.0,16
British Columbia,-123.109249,49.270042,699000.0,1.0,3.0,34
Alberta,-114.05753,51.129285,385000.0,2.0,3.0,19
Ontario,-78.359513,44.307318,495000.0,1.0,3.0,35
Quebec,-73.96963309,45.52476714,429000.0,1.0,5.0,28
Ontario,-79.983283,45.28768,1100000.0,1.0,3.0,18
British Columbia,-122.5569688,49.2072353,589900.0,1.0,4.0,6
Ontario,-79.920291,46.359616,249900.0,2.0,2.0,10
Ontario,-79.269885,45.207833,434000.0,2.0,3.0,21
British Columbia,-122.887498,49.1500809,505000.0,2.0,3.0,12
Ontario,-79.682272,43.473069,375000.0,1.0,4.0,5
Alberta,-113.4694412,53.4082775,585000.0,1.0,4.0,19
Ontario,-79.771637,43.358751,589900.0,1.0,2.0,28
Ontario,-79.700979,44.41744,499000.0,2.0,2.0,14
British Columbia,-122.8502175,49.2016152,475000.0,1.0,1.0,27
New Brunswick,-64.771363,46.075106,149900.0,1.0,3.0,12
Ontario,-79.4880637,43.6197179,799000.0,1.0,3.0,8
Ontario,-77.13099,45.815836,168500.0,1.0,3.0,32
Ontario,-75.690122,44.604655,179900.0,1.0,4.0,20
Alberta,-113.988873,50.884173,418000.0,1.0,4.0,16
Ontario,-79.8837249,44.1443076,440000.0,1.0,3.0,10
Quebec,-74.16918349,45.96720734,177000.0,1.0,2.0,22
Quebec,-68.17833072,49.1374662,119000.0,2.0,1.0,47
Ontario,-75.49632700000002,45.478411,309900.0,2.0,2.0,24
Alberta,-113.5771226,53.4558845,434900.0,2.0,2.0,14
British Columbia,-123.139647,49.168323,822800.0,1.0,3.0,23
Ontario,-80.297036,43.112522,509900.0,1.0,4.0,24
British Columbia,-123.2014463,49.2634216,4500000.0,1.0,3.0,41
Ontario,-79.6982393,44.4016261,400000.0,1.0,3.0,8
Prince Edward Island,-63.1152,46.2178,389900.0,2.0,2.0,8
Ontario,-79.4112192,43.7680813,723000.0,1.0,2.0,14
Saskatchewan,-102.98506,49.136607,134900.0,1.0,5.0,13
British Columbia,-123.832153,48.985948,779900.0,1.0,4.0,3
British Columbia,-123.011846,49.314171,1850000.0,1.0,3.0,39
Alberta,-113.262338,53.6806817,424500.0,1.0,3.0,16
Ontario,-79.7283304,43.4844949,1199900.0,1.0,5.0,42
Ontario,-81.23026,43.009059,199900.0,2.0,2.0,8
Ontario,-79.790438,43.394508,509000.0,1.0,2.0,14
British Columbia,-122.8415893,49.18560460000001,442500.0,2.0,3.0,36
Ontario,-82.969306,42.305725,215000.0,2.0,2.0,33
Ontario,-79.4511385,43.6525561,949000.0,2.0,1.0,11
British Columbia,-123.1273488,49.2774937,725000.0,1.0,5.0,37
Manitoba,-97.143586,49.789306,359900.0,2.0,1.0,14
Ontario,-79.4836860895157,43.6237372238501,439000.0,1.0,3.0,11
Ontario,-80.739559,43.1413,399900.0,1.0,3.0,10
Ontario,-75.861336,45.290025,344900.0,1.0,3.0,5
Ontario,-75.861336,45.290025,344900.0,2.0,3.0,5
Newfoundland & Labrador,-52.806463,47.509775,230000.0,2.0,5.0,30
Ontario,-79.387999,43.6653563,659000.0,2.0,2.0,8
Ontario,-79.387999,43.6653563,659000.0,2.0,1.0,8
Ontario,-79.724612,43.484929,409900.0,1.0,3.0,13
Ontario,-75.728002,45.393563,589000.0,1.0,3.0,14
Ontario,-82.827726,42.177275,169900.0,1.0,3.0,11
Ontario,-79.4362704,43.650481,839999.0,1.0,4.0,17
Ontario,-79.4901178,44.00181679999999,1188000.0,1.0,3.0,22
Ontario,-80.30282700000002,43.386309,294900.0,2.0,1.0,19
British Columbia,-122.7984514,50.3180706,324000.0,1.0,3.0,34
Alberta,-113.570289,53.27205,304900.0,2.0,1.0,20
Ontario,-79.4479647,43.7340375,439000.0,1.0,6.0,17
British Columbia,-121.952427761377,49.0996011842626,1015888.0,2.0,1.0,35
British Columbia,-123.1638051,49.173048,399800.0,1.0,3.0,7
Ontario,-81.75609200000002,43.314561,219900.0,2.0,3.0,20
Ontario,-81.30918199999998,43.00605,219900.0,1.0,4.0,18
Ontario,-81.375632,44.479645,499000.0,1.0,4.0,12
Alberta,-114.266073,51.084452,594900.0,2.0,2.0,6
British Columbia,-122.7836723,49.2566323,469900.0,1.0,2.0,19
British Columbia,-123.506099,48.859261,399900.0,2.0,2.0,14
Quebec,-73.19107464,45.59255997,264089.0,2.0,2.0,20
Ontario,-75.542856,45.464192,269000.0,1.0,2.0,23
Ontario,-79.6507147,43.6032888,569000.0,1.0,6.0,36
New Brunswick,-66.059461,46.07382,189900.0,1.0,3.0,1
Ontario,-79.38670079999999,43.6933693,1995000.0,1.0,3.0,6
Ontario,-79.38670079999999,43.6933693,1995000.0,1.0,3.0,6
Ontario,-80.73419399999999,43.98459,319900.0,1.0,3.0,27
Ontario,-75.854538,45.279651,329000.0,1.0,5.0,11
British Columbia,-123.31141,48.491799,1149000.0,2.0,3.0,12
Ontario,-81.758726,43.311826,250000.0,2.0,2.0,6
Ontario,-79.6524396,43.5894973,395000.0,2.0,2.0,17
Ontario,-79.711377,43.3939073,409000.0,2.0,3.0,27
Ontario,-80.530986,43.428264,279900.0,2.0,3.0,11
Ontario,-79.73111899999998,43.379142,1379000.0,1.0,3.0,20
British Columbia,-123.396791,48.469203,741000.0,1.0,4.0,6
New Brunswick,-65.983197,45.399908,239900.0,1.0,3.0,27
Ontario,-79.253553,43.170031,220000.0,1.0,3.0,8
Alberta,-114.447017,51.165449,359900.0,1.0,4.0,28
Ontario,-79.871055,45.4673,995000.0,1.0,3.0,24
Ontario,-80.405118,43.529918,669900.0,1.0,3.0,7
Ontario,-80.523925,43.399393,429900.0,2.0,2.0,13
Ontario,-79.095528,43.101494,405900.0,1.0,3.0,21
New Brunswick,-65.706548,47.733988,425900.0,2.0,2.0,10
Alberta,-113.88973190000002,53.5469251,324900.0,2.0,2.0,14
British Columbia,-123.325961,48.452205,775000.0,2.0,1.0,25
British Columbia,-123.0829964,49.3167942,550000.0,1.0,4.0,18
British Columbia,-123.10958829999998,49.247233,2998000.0,1.0,3.0,7
Quebec,-73.72657583,45.612442,389000.0,2.0,1.0,30
British Columbia,-125.233519,50.00763900000001,354000.0,2.0,2.0,35
British Columbia,-124.799689,49.499625,459900.0,1.0,3.0,27
Ontario,-78.9808245,44.0793439,499900.0,1.0,3.0,11
Ontario,-80.800726,42.662063,415000.0,1.0,2.0,15
British Columbia,-119.546568,49.186598,257000.0,2.0,3.0,13
Ontario,-79.28355959999998,43.78344110000001,349900.0,1.0,4.0,21
British Columbia,-123.106388,49.279782,619000.0,1.0,3.0,7
Ontario,-79.5556725,43.862561,779000.0,1.0,3.0,14
Ontario,-80.316666,42.83839,329900.0,1.0,9.0,4
Ontario,-79.83411267399791,43.75131811402621,1489000.0,1.0,3.0,25
British Columbia,-123.410605,48.436835,724900.0,1.0,4.0,29
Alberta,-113.996116,51.020287,369800.0,2.0,2.0,21
Ontario,-79.5570952,43.6095324,489000.0,2.0,2.0,27
Saskatchewan,-104.613337,50.484703,219900.0,1.0,3.0,43
Alberta,-113.943173,50.910608,425000.0,2.0,2.0,6
Ontario,-79.43584109999998,43.8617264,459900.0,2.0,2.0,12
British Columbia,-122.6666257,49.1022004,444900.0,1.0,5.0,21
Ontario,-77.59866600000002,44.197241,399900.0,2.0,2.0,25
Nova Scotia,-60.1714382,46.1428081,124500.0,2.0,3.0,18
Ontario,-79.3714833,43.6521363,749900.0,1.0,3.0,34
Saskatchewan,-106.573755,52.16715900000001,399900.0,2.0,1.0,17
Ontario,-79.7743436,43.4317985,719900.0,1.0,3.0,14
Ontario,-79.679125,43.449497,999998.0,2.0,2.0,20
Alberta,-113.286545,53.524439,319900.0,2.0,4.0,11
Ontario,-79.818803,43.699745,599900.0,1.0,4.0,18
Ontario,-79.74639509999999,43.7509604,694000.0,1.0,3.0,11
Ontario,-79.197079,43.130709,292900.0,1.0,3.0,10
Quebec,-73.4736866,45.50346682,220000.0,1.0,2.0,27
Quebec,-73.899507,45.682015,269900.0,2.0,2.0,22
British Columbia,-122.7873248,49.2607095,523800.0,1.0,1.0,6
Ontario,-79.735113,43.754786,559000.0,1.0,4.0,6
Ontario,-75.939427,45.262091,549900.0,2.0,2.0,21
British Columbia,-122.7982951,49.283602,469900.0,1.0,5.0,42
Ontario,-79.7493085,43.6487223,659000.0,1.0,3.0,11
Alberta,-113.5338657,53.4278033,458900.0,1.0,3.0,30
British Columbia,-125.005927,49.674475,375000.0,1.0,5.0,20
Ontario,-81.32555,42.99642,789900.0,1.0,5.0,11
Ontario,-79.68623290000002,43.5287384,839000.0,1.0,6.0,14
Ontario,-79.3790471,43.7701948,4588000.0,1.0,4.0,29
Ontario,-79.3790471,43.7701948,4588000.0,2.0,1.0,29
Ontario,-79.7602494,43.35355120000001,949000.0,1.0,2.0,11
Ontario,-78.8444023,43.912983200000006,310000.0,1.0,2.0,17
Ontario,-80.412051,43.485242,509900.0,1.0,1.0,6
Ontario,-82.594572,42.056026,94500.0,1.0,4.0,1
Ontario,-79.142262,43.7972237,499000.0,1.0,4.0,21
Ontario,-79.42174849999998,43.6560724,1989000.0,1.0,3.0,8
Ontario,-79.42174849999998,43.6560724,1989000.0,1.0,3.0,8
Manitoba,-99.945134,49.878679,159900.0,2.0,1.0,13
British Columbia,-123.1249762,49.1739477,538000.0,1.0,3.0,26
Ontario,-79.7610407,44.8162648,549900.0,1.0,2.0,22
Manitoba,-97.119792,49.906287,60000.0,1.0,4.0,13
Ontario,-79.42913670000002,44.033924,1599000.0,1.0,2.0,37
Manitoba,-97.110596,49.839443,199900.0,2.0,1.0,20
British Columbia,-122.68865900000002,49.22264000000001,479900.0,2.0,1.0,39
Prince Edward Island,-63.7511,46.3766,204900.0,1.0,4.0,42
Ontario,-79.8169462,43.7431348,979900.0,2.0,1.0,6
Ontario,-79.4162418,43.6387639,529000.0,2.0,2.0,7
Ontario,-79.2638816,43.9754912,699000.0,1.0,3.0,12
